{"entities":{"pages":{"introduction-to-react-js":{"id":"introduction-to-react-js","title":"introduction to react.js","url":"introduction-to-react-js.html","level":0,"pages":["Overview-of-React","Thinking-in-React"],"tabIndex":0},"Overview-of-React":{"id":"Overview-of-React","title":"1.1 Overview of React","url":"overview-of-react.html","level":1,"parentId":"introduction-to-react-js","tabIndex":0},"Thinking-in-React":{"id":"Thinking-in-React","title":"Thinking in React","url":"thinking-in-react.html","level":1,"parentId":"introduction-to-react-js","tabIndex":1},"Hooks":{"id":"Hooks","title":"Hooks","url":"hooks.html","level":0,"pages":["Custom-Hooks"],"tabIndex":1},"Custom-Hooks":{"id":"Custom-Hooks","title":"Custom Hooks","url":"custom-hooks.html","level":1,"parentId":"Hooks","tabIndex":0}}},"topLevelIds":["introduction-to-react-js","Hooks"]}